{"point": {"spot_size": 4.3, "offset": -0.031832, "scale": 0.009963}, "map": {"spot_size": 5.1, "offset": -0.056619, "scale": 0.009909}}